{
  "epoch": [
    1,
    2,
    3,
    4,
    5
  ],
  "train_loss": [
    1.5229665185465957,
    1.029790409135096,
    0.9120142494864536,
    0.6315590162394624,
    0.45463440872051497
  ],
  "dev_chrf": [
    37.69095362970303,
    37.926155489629586,
    37.0741612345768,
    38.09903166543506,
    37.11964192261917
  ]
}