{
  "step": [
    1,
    2,
    3,
    4,
    5,
    6,
    7,
    8,
    9,
    10,
    11,
    12,
    13,
    14,
    15,
    16,
    17,
    18,
    19,
    20,
    21,
    22,
    23,
    24,
    25,
    26,
    27,
    28,
    29,
    30,
    31,
    32,
    33,
    34,
    35,
    36,
    37,
    38,
    39,
    40,
    41,
    42,
    43,
    44,
    45,
    46,
    47,
    48,
    49,
    50,
    51,
    52,
    53,
    54,
    55,
    56,
    57,
    58,
    59,
    60,
    61,
    62,
    63,
    64,
    65,
    66,
    67,
    68,
    69,
    70,
    71,
    72,
    73,
    74,
    75,
    76,
    77,
    78,
    79,
    80
  ],
  "loss": [
    5.238689482212067e-09,
    4.1334424167871475e-06,
    1.2140721082687378e-05,
    2.0916573703289032e-05,
    3.748130984604359e-05,
    5.306291859596968e-05,
    6.868713535368443e-05,
    0.00010257738176733255,
    0.00011974095832556486,
    0.00013537565246224403,
    0.0001583043485879898,
    0.00020101817790418863,
    0.00021765753626823425,
    0.00027450150810182095,
    0.0002947708126157522,
    0.00032475951593369246,
    0.0003653028979897499,
    0.0003889015642926097,
    0.0004687474574893713,
    0.0004456108435988426,
    0.0004902492510154843,
    0.0004944623215124011,
    0.0005619474686682224,
    0.0005326690152287483,
    0.0006511984393000603,
    0.0007085289107635617,
    0.0006715283961966634,
    0.0006509337108582258,
    0.0006938875885680318,
    0.000734684057533741,
    0.0007477753097191453,
    0.0007580837700515985,
    0.0007951799780130386,
    0.0007892765570431948,
    0.0008101601852104068,
    0.0008344452362507582,
    0.0009380687261000276,
    0.0009362695273011923,
    0.0010153084294870496,
    0.001032204949297011,
    0.0010627137962728739,
    0.0011229157680645585,
    0.0010614526690915227,
    0.0011592742521315813,
    0.0012673811288550496,
    0.001321169314906001,
    0.0013291235081851482,
    0.001588028040714562,
    0.0013676353264600039,
    0.0015971637330949306,
    0.0017736597219482064,
    0.001781070837751031,
    0.0019242280395701528,
    0.0018309556180611253,
    0.00198945589363575,
    0.002238853368908167,
    0.0020243648905307055,
    0.002224049298092723,
    0.002309197559952736,
    0.0021940260194242,
    0.002267928794026375,
    0.002544826827943325,
    0.0024101128801703453,
    0.0026328025851398706,
    0.0023340838961303234,
    0.0025196163915097713,
    0.002863143105059862,
    0.00293331453576684,
    0.002712204586714506,
    0.0029690416995435953,
    0.0029952526092529297,
    0.003066848497837782,
    0.002819070825353265,
    0.002937184413895011,
    0.0029989404138177633,
    0.003178277052938938,
    0.0030939008574932814,
    0.0034001371823251247,
    0.003043537028133869,
    0.0032476873602718115
  ],
  "avg_exact_kl": [
    0.0,
    4.131298593218584e-05,
    0.00012140017886380175,
    0.0002091476248977683,
    0.0003748238859687767,
    0.0005306119458684048,
    0.0006868690523953098,
    0.0010257100879053642,
    0.0011974070379299814,
    0.0013537294740962246,
    0.0015830038597467841,
    0.002010164908930908,
    0.002176555309932877,
    0.0027449468414382874,
    0.002947649035807453,
    0.0032475606565442678,
    0.003653037403288986,
    0.003889038801492351,
    0.00468742892533991,
    0.004456058182794634,
    0.004902487330401852,
    0.0049445782290685435,
    0.005619431942934941,
    0.005326680919693591,
    0.006511982302311022,
    0.0070852888257056604,
    0.006715262805277025,
    0.006509286066007472,
    0.0069388336639171775,
    0.007346840945638634,
    0.007477684841096529,
    0.007580795485698266,
    0.00795176359110156,
    0.007892776983361507,
    0.008101607710449406,
    0.008344452965233071,
    0.009380664002796094,
    0.009362671799527753,
    0.010153045004030364,
    0.01032202832410984,
    0.010627094761341101,
    0.01122915125598176,
    0.010614517764441785,
    0.011592731665146766,
    0.012673799301724747,
    0.013211692864803806,
    0.013291179385421707,
    0.01588026685670884,
    0.013676373709802812,
    0.015971630418701605,
    0.017736587813821113,
    0.017810668290782313,
    0.019242293545318853,
    0.0183095336469338,
    0.01989458871776492,
    0.022388545777054864,
    0.02024363381436372,
    0.022240483276890925,
    0.023091967157855622,
    0.02194024295349923,
    0.022679244682479015,
    0.025448254280582183,
    0.02410107896928394,
    0.02632798690970766,
    0.02334082767878101,
    0.025196171841380646,
    0.028631408153692094,
    0.029333131991006497,
    0.02712201215661847,
    0.029690414931006215,
    0.02995250178142807,
    0.030668469113728322,
    0.028190683397132654,
    0.029371824133192663,
    0.029989371600288167,
    0.0317827442501417,
    0.03093895336052532,
    0.03400139064243775,
    0.030435364510717343,
    0.032476856348684816
  ],
  "avg_entropy": [
    4.19978533607449,
    4.1112206003504665,
    4.18144004639236,
    4.17975937522625,
    4.15866058884102,
    4.145014397107368,
    4.196771641263572,
    4.090054075597424,
    4.227704478373459,
    4.259441658650577,
    4.030025545443393,
    4.1572466089059334,
    4.168818222384385,
    4.170189305643397,
    4.0053001289611725,
    4.0155722381636325,
    4.066795312716612,
    3.99637875185862,
    4.068921550572402,
    4.006921456394497,
    4.061700207607716,
    4.060128747117646,
    4.184425183265428,
    4.099470651517299,
    4.082787615646794,
    4.061533352862739,
    4.041726598099467,
    3.9272499812378174,
    4.07320048173629,
    4.015843159362052,
    4.090948420383996,
    3.9982559369788557,
    4.048826697091498,
    4.067809264741274,
    3.999719308377889,
    3.9324016941707316,
    4.078664124875573,
    3.9423058216637568,
    4.078549036615078,
    4.026009490622264,
    4.101539508079718,
    4.019273486961617,
    4.023010674062554,
    3.9678855978949508,
    3.9354998472652527,
    4.08382331572138,
    3.824286693720231,
    4.057838616534013,
    3.829264512294575,
    4.003491960763011,
    4.128360785715276,
    4.01735487849828,
    4.086955708174859,
    3.811171647921157,
    3.916196362446097,
    3.9750745937406746,
    3.976201913455046,
    3.997064313645475,
    3.989913655355207,
    3.945515727216155,
    3.8714211559152703,
    4.002610492023753,
    3.8405598583156246,
    3.964933997548938,
    3.8717656716829913,
    3.816565891536967,
    3.881301232457233,
    3.893086298805835,
    3.9050171055069853,
    3.847713092176957,
    3.853479718580091,
    3.8235373724989805,
    3.758394363069338,
    3.7355002678185083,
    3.8992092661525124,
    3.914698957870826,
    3.83376342917521,
    3.8895152626642426,
    3.7186228334288227,
    3.9507997231532226
  ],
  "avg_clip_fraction": [
    0.0,
    0.0,
    0.0,
    0.0,
    0.0,
    0.0,
    0.0,
    0.0,
    0.0,
    0.0,
    0.0,
    0.0,
    0.0,
    0.0,
    0.0,
    0.0,
    0.0,
    0.0,
    0.0,
    0.0,
    0.0,
    0.0,
    0.0,
    0.0,
    0.0,
    0.0,
    0.0,
    0.0,
    0.0,
    0.0,
    0.0,
    0.0,
    0.0,
    0.0,
    0.0,
    0.0,
    0.0,
    0.0,
    0.0,
    0.0,
    0.0,
    0.0,
    0.0,
    0.0,
    0.0,
    0.0,
    0.0,
    0.0,
    0.0,
    0.0,
    0.0,
    0.0,
    0.0,
    0.0,
    0.0,
    0.0,
    0.0,
    0.0,
    0.0,
    0.0,
    0.0,
    0.0,
    0.0,
    0.0,
    0.0,
    0.0,
    0.0,
    0.0,
    0.0,
    0.0,
    0.0,
    0.0,
    0.0,
    0.0,
    0.0,
    0.0,
    0.0,
    0.0,
    0.0,
    0.0
  ],