{
  "epoch": [
    1,
    2,
    3,
    4
  ],
  "train_loss": [
    4.68640914107814,
    4.211554541732326,
    4.009381742188425,
    3.9091097875074907
  ],
  "dev_chrf": [
    37.78496892911169,
    37.3532090311979,
    37.34026930843834,
    37.627652474835
  ]
}